{
    "$schema": "http://schema.management.azure.com/schemas/2015-01-01/deploymentParameters.json#",
    "contentVersion": "1.0.0.0",
    "parameters": {
        "WebsiteName": {
            "value": "cdrm-pu2-demo"
        },
        "PartsUnlimitedServerName": {
            "value": "cdrm-pu2-dbserver"
        },
        "PartsUnlimitedHostingPlanName": {
            "value": "cdrm-pu2-plan"
        },
        "CdnStorageAccountName": {
            "value": "cdrm-pu2-store"
        },
        "CdnStorageContainerName": {
            "value": "cdrm-pu2-container"
        },
        "CdnStorageAccountNameForDev": {
            "value": "cdrm-pu2-store-dev"
        },
        "CdnStorageContainerNameForDev": {
            "value": "cdrm-pu2-container-dev"
        },
        "CdnStorageAccountNameForStaging": {
            "value": "cdrm-pu2-store-stage"
        },
        "CdnStorageContainerNameForStaging": {
            "value": "cdrm-pu2-container-stage"
        }
    }
}